{"cameraMode":{"drawMode":0,"name":"Shaded","section":"Shading Mode"},"sceneLighting":false,"audioPlay":false,"sceneViewState":{"m_AlwaysRefresh":false,"showFog":true,"showSkybox":false,"showFlares":true,"showImageEffects":true,"showParticleSystems":true,"showVisualEffectGraphs":true,"m_FxEnabled":true},"in2DMode":false,"pivot":{"x":0.4899999797344208,"y":1.252000093460083,"z":1.0059999227523804},"rotation":{"x":-0.10108020156621933,"y":-0.20587779581546784,"z":0.02137470431625843,"w":-0.9731190204620361},"size":0.8660253882408142,"orthographic":false}